type;id;expression;tweet;pres;ok;fautes;;;;;
-er;160768_tweet.txt;frapper;#Hassan les personnes qui croient encore  que Hassan a frapper fathma  venez on se pose 2 min et on discute;non;;;;Nombre de fautes;Étiquettes de colonnes;;
-er;56768_tweet.txt;commencer;@XXX Et ces Bucks HORRIBLE a commencer par leur leader et leur Coach;non;;EXP;;Étiquettes de lignes;-é;-er;Total général
-er;47334_tweet.txt;écouter;Bon bah, on va commencer a écouter du freeze, le colors show était lourd;non;;EXP;;?;5;;5
-er;245276_tweet.txt;trouver;Semaine prochaine si j’ai pas trouver de maillot de bain j’me tuz;non;;;;AUX;12;1;13
-er;208006_tweet.txt;danger;@XXX Avec Lacazette en 10 ou ozil non franchement c’est danger;non;;ETIQ;;ETIQ;6;7;13
-er;24416_tweet.txt;denvoyer;Sah.. liverpool ils sont entrain denvoyer un putin de message a tout le monde la mdrrr ca disait deja « oooh ils vont avoir du mal la saison pro » « si ils receutent pas du lourd c’est mort » aller hop...;non;;;;EXP;7;9;16
-er;9499_tweet.txt;rentrer;@XXX Ça s’voit il est pas rentrer dans le couloir des stmg;non;;;;N-3;6;;6
-er;56683_tweet.txt;jurer;@XXX @XXX J’ai jurer wsh il invente des choses de lui même et ose rajouter «  à votre âge » en mode on est des enfants pour y croire je comprends pas se qu’il insinue même tout est écrit dans ta bible rajoute pas se qu’il n’y est pas;non;;;;PA;38;;38
-er;266965_tweet.txt;manger;Petit Top 585 en dayli 5 retour lobby ?? on a manger 36 gre en 4 game au spawn (première cup ensemble) url_path;non;;;;(vide);;;
-er;132890_tweet.txt;super;Je suis morte de rire c'est super moche ce qu'il lui a fait #LRDS url_path;non;;ETIQ;;Total général;74;17;91
-er;195792_tweet.txt;donner;@XXX On a le Pick et wiggins a donner mdrrr les Bucks sont pas cons ils vont jamais accepter ça;non;;;;;;;
-er;52126_tweet.txt;super;Bon juste pour vous rappelez que Vivi elle est super fraîche bande de merde #LMVSLRDM5 url_path;non;;ETIQ;;;;;
-er;244718_tweet.txt;witcher;@XXX Jpp j'ai toujours des couilles sur ordi, la rescemment c'est the witcher 3 qui a decider d'arreter de fonctionner sans raison meme apres reinstallation etc..;non;;ETIQ;;;;;
-er;244718_tweet.txt;decider;@XXX Jpp j'ai toujours des couilles sur ordi, la rescemment c'est the witcher 3 qui a decider d'arreter de fonctionner sans raison meme apres reinstallation etc..;non;;;;;;;
-er;65505_tweet.txt;passer;Bon Westbrook tu te décide a passer  en mode PO parceque tes bien degeu pour l'instant;non;;EXP;;;;;
-er;196428_tweet.txt;aller;"#MonPireDate Je suis plutôt no life mais... Ce jour de merde où j'étais censé aller aux Geeks Days avec ""ce gars"" (une enflure) et qu'au final il a rejoint sa bande de pote et m'a laissé en plan. Je l'ai direct jarté du discord et bloqué une fois rentrée.";non;;EXP;;;;;
-er;17460_tweet.txt;compter;"#BTS1onHot100 #JungkookDay Donc ils attendais les résultat pour être actifs ces charo ? On était la en mode ""ouais jimin le seul sur qui ont peu compter"" alors que c'est lui qui a pas respecter le bail pt'être chuis morteee ?? Jungkook profite frero ?? url_path";non;;AUX;;;;;
-er;17460_tweet.txt;respecter;"#BTS1onHot100 #JungkookDay Donc ils attendais les résultat pour être actifs ces charo ? On était la en mode ""ouais jimin le seul sur qui ont peu compter"" alors que c'est lui qui a pas respecter le bail pt'être chuis morteee ?? Jungkook profite frero ?? url_path";non;;;;;;;
-er;186112_tweet.txt;simuler;Oh ptn j'ai mis ma maison sur Miami en croyant giannis out mais il nous a fait une Kobe a simuler sa blessure là;non;;;;;;;
-er;233906_tweet.txt;passer;@XXX En vrai le fait d'avoir fait passer Goku de mec qui rit / sourit quand il se bat à mec qui parle pas muet et qui est juste là pour anéantir l'ennemi ça a rajouté une ambiance de fou vrmnt;non;;EXP;;;;;
-er;70604_tweet.txt;fumer;Mdr Adèle elle a fumer un gros joint en Jamaïque sa a mal fini pour elle je vois pas d’autres solutions;non;;;;;;;
-er;92959_tweet.txt;enculer;Pullisic a enculer la défense de Liverpool ??????;non;;;;;;;
-er;91554_tweet.txt;inverser;@XXX @XXX Mais on est libre de faire ce qu’on veut nous hetero ??? On est libre de notre sexualité vous allez pas dicter aux gens comment vivre aussi ? Toi si tu préfères être une personne de même sexe c’est tant mieux bah nous c’est l’inverser et c’est tant mieux;non;;;;;;;
-er;155953_tweet.txt;claquer;Elle est claquer la cover de FIFA 21...mauvais choix des photos;non;;;;;;;
-er;157192_tweet.txt;éclater;RT @XXX: Je vien de finir l’album de kaaris est franchement franchement c’est éclater sa mère comme dab;non;;;;;;;
-er;200113_tweet.txt;passer;@XXX 1 (gros) choix de merde rend pas le FO naze quand même, c'est pas tant Bud que Giannis qui pose problème dans ce cas puisque si ta première option ne sais que drive et a peine passer tu veux faire quoi surtout si on reviens au supporting cast qui est pas super j'ai abusé en effet;non;;;;;;;
-er;200113_tweet.txt;super;@XXX 1 (gros) choix de merde rend pas le FO naze quand même, c'est pas tant Bud que Giannis qui pose problème dans ce cas puisque si ta première option ne sais que drive et a peine passer tu veux faire quoi surtout si on reviens au supporting cast qui est pas super j'ai abusé en effet;non;;ETIQ;;;;;
-er;253794_tweet.txt;éclater;@XXX Oe il est éclater le son mais balec y’a bosh sur deux deux;non;;;;;;;
-er;57957_tweet.txt;serrer;@XXX Je voulais des mister freeze yen avais pas jsui ressorti la femme elle ma suivie jusque dans la rue devant tt le monde elle me de vider mes poches j'ai serrer elle ma dit aller sortez ce que vous avez et j'appelle pas la.police yavais un masque et des clés elle était rouge;non;;;;;;;
-er;39850_tweet.txt;gérer;C est grave comme le Miami heat a contrôlé le money time ils ont gérer le truc presque trop facile franchement ils sont magnifique #NBAExtra;non;;;;;;;
-er;85653_tweet.txt;laisser;Crime contre l'humanité, c'est laisser un blanc te préparer un repas, y'a pas de goût, c'est fade, j'ai pensé que je suis atteint du #Covid_19 alors que non. Bordel les blancs faîtes des efforts, on en peut plus.;non;;EXP;;;;;
-er;221292_tweet.txt;assumer;leris a 15ans il a assumer son goss t’en a 25ans ils disparaissent du j au lendemain kcdrrrrr;non;;;;;;;
-er;243971_tweet.txt;blesser;@XXX @XXX @XXX Si tu savais très bien tu ne te serais pas rabaissé à demander finalement le Pq du Cmt , C vrai tu es Dieu et tu connaît le cœur et les pensées des gens. Si tu t’es senti blesser j’ai écrit «Tu as mal compris» mais toi tu préfères user du vice pour affirmer ce que toi tu penses.;non;;;;;;;
-er;19563_tweet.txt;insulter;Je crois Westbrook il a dû insulter LeBron entre deux manèges c'est pas possible url_path;non;;EXP;;;;;
-er;254670_tweet.txt;aller;@XXX @XXX @XXX ?????? je suis pas aller en stmg moi;non;;;;;;;
-er;57270_tweet.txt;jurer;@XXX Liverpool a jurer de vous laver le cul. L’année ou vous aviez rien a gagner vous etes parti les empêcher de gagner le championnat. Bien fait pour vous;non;;;;;;;
-er;57270_tweet.txt;gagner;@XXX Liverpool a jurer de vous laver le cul. L’année ou vous aviez rien a gagner vous etes parti les empêcher de gagner le championnat. Bien fait pour vous;non;;EXP;;;;;
-er;221779_tweet.txt;regarder;@XXX @XXX @XXX @XXX @XXX @XXX J ai regarder les deux gros, et R9 est supérieur pour moi , dans tout mes analyse je suis objectif. Par contre toi on sens que t a quelque chose contre Suarez;non;;;;;;;
-er;103758_tweet.txt;pisser;A chaque fois qu’on joue liverpool trent A.A s’amuse a nous pisser à la gueule ce chien;non;;EXP;;;;;
-er;137371_tweet.txt;donner;Hassan le youtubeur tout ses pb avec ses femmes sa lui a donner la calvitie précoce #Hassan;non;;;;;;;
-er;189629_tweet.txt;super;Vincent labrune bon directeur sportif mchardy il est malade imbula est nul.lemina aussi il est fou ce mec ,qu'est-ce  qu'il fume, elle doit être super forte #rmclive;non;;ETIQ;;;;;
-er;133426_tweet.txt;sorcier;Cette Femme (Valérie Guerlain ) est la voix off derrière c'est pas sorcier.  Le dernier mystère de mon enfance enfin élucidé ???????? #cestpassorcier #confinement #jamy url_path;non;;ETIQ;;;;;
-é;167196_tweet.txt;giflé;Mais sérieusement le niveau de shoot des Lakers est à chier ??... J'ai envie de giflé mes arrières... Husler de carusso toujours, jeu sans ton, mais donnez vous les gars #LakeShow;non;;;;;;;
-é;118477_tweet.txt;affilé;Les 4h d’svt d’affilé le lundi aprem c’était vraiment obligatoire ? #rentreescolaire2020;non;;EXP;;;;;
-é;100083_tweet.txt;rebaptisé;#JungkookDay ???????? #StillWithJungkook #jungkookbirthday Le jour du seul et unique King JK, Seoul rebaptisé Jungkook Land oklm, le king mérite, j'lui souhaite que du bonheur, lui >>>> vous url_path;non;;PA;;;;;
-é;127855_tweet.txt;arrêté;ademo arrêté, shatta77 enceinte, moha la squale potentiel violeur, nièce de ben laden menace les us, tootatis qui rêve de rebeudeter, silento avec son trou d’balle, landorly père de leris luketo mddr c’s trop là stop ptn;non;;PA;;;;;
-é;9303_tweet.txt;envoyé;Bon je viens de voir la vidéo d'Hassan et franchement Wow le pauvre il est vraiment tombé sur une femme vicieuse elle est carrément aller jusqu'à envoyé des nudes à sa mère weshhh;non;;;;;;;
-é;219678_tweet.txt;montré;Bon bah enfaite on a eu des nouvelles de tout les membres  le jour de l’anniv de #JUNGKOOK mais sauf JK qui nous a toujours pas montré  un signe de vie ??????????? #BTS #JungkookDay url_path;non;;AUX;;;;;
-é;220531_tweet.txt;projeté;@XXX @XXX @XXX @XXX @XXX @XXX Hahahaha donc là une pierre de 6 kg projeté avec vitesse sur le crane d un singe ca va ca leur fera rien;non;;PA;;;;;
-é;10734_tweet.txt;cocufié;Carla sa mère la lâcher dans la tvr à 18ans pour se faire cocufié par kevin 26ans elle a pas eu de père pour lui mettre des claque c estt normal elle est mal élevé d ou une mère lâché son enfant dans la nature a cet âge sans l accompagnement #LMvsMonde5 url_path;non;;;;;;;
-é;10734_tweet.txt;lâché;Carla sa mère la lâcher dans la tvr à 18ans pour se faire cocufié par kevin 26ans elle a pas eu de père pour lui mettre des claque c estt normal elle est mal élevé d ou une mère lâché son enfant dans la nature a cet âge sans l accompagnement #LMvsMonde5 url_path;non;;;;;;;
-é;164690_tweet.txt;attaché;@XXX Vraiment jsuis tro attaché au 2 joueurs, y a peut être une légère préférence pour lacazette mais elle est infime;non;;AUX;;;;;
-é;123807_tweet.txt;gardé;@XXX @XXX En vrai si tu préfères ulquiorra ok mais si tu veux gardé ta pp je changeee;non;;;;;;;
-é;87357_tweet.txt;culotté;@XXX @XXX @XXX @XXX Tu ose dire ca alors que ta dis bha donc rien et que tu n avais plus rien a dire t culotté toi;non;;PA;;;;;
-é;35036_tweet.txt;enculé;@XXX A l’enculé comment c’est lourd ! Tu t’es rajouté sur la photo ou on t’a prit en photo avec la moto ?;non;;EXP;;;;;
-é;162280_tweet.txt;Comparé;"Quels tocards @XXX et @XXX...a propos d'Eriksen... Qu'est ce qu'il ne faut pas entendre sur @XXX  ""Conte n'en voulait pas""... ??????? ""Comparé à Ronaldo""... De pire en pire l'objectivité";non;;EXP;;;;;
-é;68615_tweet.txt;collé;@XXX Jpp comment tu fait jarv même pas à faire collé 2 photo;non;;;;;;;
-é;79400_tweet.txt;allié;@XXX @XXX @XXX @XXX @XXX @XXX @XXX Vous accusez donc @XXX, allié d'@XXX et mentor de @XXX d'avoir aidé #Matzneff à fuir (sans doute au Vénézuela ou en Corée du Nord). N'importe quoi.;non;;PA;;;;;
-é;37826_tweet.txt;compliqué;@XXX @XXX Trop compliqué de faire un top 5 , temps mort et Nero némésis je l’ai est fumer;non;;PA;;;;;
-é;157458_tweet.txt;arrêté;Thauvin niveau coup de pied arrêté c’est tres tres bon sah;non;;EXP;;;;;
-é;161332_tweet.txt;regardé;"ça me fume de rire tu fais un tweet pour dire ""wow regardé le like avec le #CountdownToMars  omg omg un like spécial"" et ça t'apporte masse like pire arnaque ptdrrrr";non;;;;;;;
-é;142048_tweet.txt;joué;C est pas comme si il avait enclenché liverpool en demi aller de la ldc dlannee derniere (me prle pas du retour il avais tres bien joué mais alba et suarez et rakitic ont foutu dla D) url_path;non;;N-3;;;;;
-é;62387_tweet.txt;oublié;@XXX T’as oublié Leris qui est papa;non;X;?;;;;;
-é;87714_tweet.txt;éclaté;@XXX t'a l'air gentil et vraiment sympa. Par conte change moi ta pp et bannière éclaté;non;;PA;;;;;
-é;1872_tweet.txt;commencé;"@XXX @XXX Et si on commencé par supprimer la clim chez #RMC #BFMTV , afin que les grandes gueules s'adaptent aux fortes chaleurs. ????????  @XXX: ""Il faut qu'on apprenne à s'adapter aux fortes chaleurs ! La climatisation n'est pas une bonne solution !"" #GGRMC url_path";non;;;;;;;
-é;40561_tweet.txt;écrasé;Euhhh... esh il se passe quoi avec Adèle a ce que j'ai compris sa vient critiquer son glow up alors que vous ressembler à des chat écrasé allée valaba bande bizarre là ??;non;;PA;;;;;
-é;170586_tweet.txt;mené;@XXX @XXX Lillard était cramé, Portland choppe la 8 ème place par miracle grâce à un grand lillard,ils jouaient les lakers premier de la conf, La c'est le favori meilleur bilan, sûrement double MVP le giannis, mené 3/0 , c'est chaud la;non;;PA;;;;;
-é;267888_tweet.txt;encontré;"Coucou Paris!   Me encontré con la rue de ""Croissant""  #patisserie #Paris #rentreescolaire2020 url_path";non;;;;;;;
-é;27247_tweet.txt;validé;Russie validé mais le fdp de Djoko nique mon paris sale fdp;non;;PA;;;;;
-é;25101_tweet.txt;rosé;@XXX Gros Michael Jackson sois respectueux stp tu as trop bu de rosé;non;;ETIQ;;;;;
-é;229277_tweet.txt;risqué;@XXX Montrer sa tt sur twi c tro risqué aussi ??????;non;;AUX;;;;;
-é;159349_tweet.txt;parlé;par contre on a pas assez parlé d’Hamilton, c’est un putain d’avion de chasse, de P17 à P7????????;non;;N-3;;;;;
-é;227290_tweet.txt;comparé;@XXX Les Lakers ont déjà perdu face à eux ils savent à quoi s’attendre tu vois ça prépare déjà des défenses contre Harden et après offensivement c’est pas OKC ty vois le délire le bail du tout le monde ds la raquette sa marchais pcq OKC ont pas de fort tireurs comparé à LA;non;;EXP;;;;;
-é;207_tweet.txt;marqué;J’ai allumé la télé 30scd après Liverpool marqué wAllah.. je vais arrêter c mieux;non;;;;;;;
-é;88616_tweet.txt;lié;Le chapitre 986 tu peux retourne ton écran se sera kiffe kiffe pas d'indice potentiellement lié avec un autre chapitre. Par contre possible qu'il soit aussi lourd que le 689  #OnePieceDay;non;;PA;;;;;
-é;181804_tweet.txt;débridé;@XXX @XXX Je suis un mec de roubaix je connais tout lille genre TOUT tu vois genre je connais plus de 20 milles personnes donc mtn arrete de fr la gamine et ramène ton cul dans mon class s amg débridé;non;;PA;;;;;
-é;262233_tweet.txt;calculé;@XXX Mais tu parles alors que t’es pas en stmg, ça y’est ta vu des cons dire ça toi comme un zgeg tu les crois et tu répètes comme un perroquet. Nous on on a des entreprises à analyser, leur fonctionnement, calculé leur trésorier, leur plans, de quoi elle est composé, faire des bilans;non;;;;;;;
-é;225442_tweet.txt;fréquenté;@XXX @XXX Bah nn mais voilà koi tu me la fais pas sur des gun ou de la cons jai assez fréquenté le milieu de cassos;non;;AUX;;;;;
-é;65461_tweet.txt;disqualifié;Djoko disqualifié, Giannis blessé. Bon bah je vais regarder #TheBoys;non;;PA;;;;;
-é;65461_tweet.txt;blessé;Djoko disqualifié, Giannis blessé. Bon bah je vais regarder #TheBoys;non;;PA;;;;;
-é;227389_tweet.txt;avoué;@XXX @XXX @XXX @XXX @XXX Je peux vraiment rien faire pour toi t’es vraiment aveuglée par ta reine Tootatis là. T’as Ray Charles la partie où j’ai dit que sa sœur à avoué qu’elle rembourre ou quoi? Et qui te dis que Jsuis pas matrixé par mon corps?;non;;AUX;;;;;
-é;227389_tweet.txt;matrixé;@XXX @XXX @XXX @XXX @XXX Je peux vraiment rien faire pour toi t’es vraiment aveuglée par ta reine Tootatis là. T’as Ray Charles la partie où j’ai dit que sa sœur à avoué qu’elle rembourre ou quoi? Et qui te dis que Jsuis pas matrixé par mon corps?;non;;AUX;;;;;
-é;78251_tweet.txt;cracké;@XXX @XXX @XXX La classique En ft mon compte cracké c'cracké que sur tel Du coup sur PC j'utilise adblock Et gros avec tous les albums que t'achètes jsp pq t'aurais besoin de Deezer mdrrrr;non;;PA;;;;;
-é;35411_tweet.txt;glacé;RT @XXX: Barre glacé froide longue pour l’été , nan je rigole tout le monde dit mister freeze;non;;PA;;;;;
-é;35411_tweet.txt;été;RT @XXX: Barre glacé froide longue pour l’été , nan je rigole tout le monde dit mister freeze;non;;ETIQ;;;;;
-é;215693_tweet.txt;né;Julian Alaphilippe né un 11 juin j'dis ca j'dis rien ????;non;;PA;;;;;
-é;14703_tweet.txt;passé;De Gea est top 5 premier League bande de schlagues! #DeGea !! Vous pourrissiez #ogs Ole Gunnar l'an passé, sales débiles.;non;;PA;;;;;
-é;107259_tweet.txt;demandé;Quand on va demandé à tootatis d’enfin faire une VIDÉO en bikini #Tootatis  Bon la c’était un peu d’humour mais il s’agirait vraiment de laisser cette meuf tranquille on sais tous qu’elle photoshop a quoi sa sers d’harceler l’enfant des gens vous êtes grv investis en + url_path;non;;;;;;;
-é;239355_tweet.txt;ramené;"@XXX @XXX @XXX @XXX @XXX Finalement c'est toi qui invente des trucs ?? et c'est pas parcque un gars est content parcqu'un noir à ramené une coupe du monde qu'il est pas raciste, c'est exactement le ""je suis pas raciste j'ai un ami noir"" qui devient ""je suis pas raciste j'ai soutenu un footballeur noir""";non;;AUX;;;;;
-é;63077_tweet.txt;abonné;wejdene qui a plus d’abonné que Shay,Amel Bent,Vitaa & j’en passe, c la plus forte ??;non;;ETIQ;;;;;
-é;258214_tweet.txt;floqué;@XXX Non ya encore des rumeurs sur luiz gustavo au fc lyon ! J'ai un maillot floqué à son nom et je l'aime trop j'ai pas envie de le brûler ??;non;;PA;;;;;
-é;259779_tweet.txt;indiscipliné;@XXX @XXX @XXX Et surtout indiscipliné (hygiène de vie degueulasse et pas sérieux aux entraînements) Danilo ct une pièce d’échange (certe stupide) pour équilibrer les comptes .  Eh oui tu as raison les latéraux puent la merde . Paratici les a biens taillé dans la presse .;non;;PA;;;;;
-é;83318_tweet.txt;emmené;jai etais emmené mon tel reparer cette aprem a 17 h jme suis rappeller yavait le colors show jai croiser qlq que je connaissais jlui ai recquisitionner son tel pendant 3min rien n'arrete la secte #PROPAGANDA;non;;AUX;;;;;
-é;89003_tweet.txt;comparé;@XXX @XXX Mais pq tu me parles de Cleveland giannis est bien entouré comparé à un kawhi qui a pg, un harden qui a Westbrook ou même LeBron qui a ad ?;non;;PA;;;;;
-é;18153_tweet.txt;joué;@XXX (Après c'est con tu as joué Butler qui mène 3-0 contre les Bucks et Boston qui mène 2-1 contre Toronto);non;;?;;;;;
-é;88122_tweet.txt;niqué;J’crois c niqué pour Giannis la;non;;AUX;;;;;
-é;48192_tweet.txt;aimé;@XXX @XXX Gros tu connais mon amour Kaaris faite comme moi oublie l’espoir de retrouver le Kaaris de 2012 c’est mort je m’y attendais donc j’ai vraiment pas de déception oui j’aurais aimé qu’il me mette une claque mais non ma grande déception c’est juste le feat avec Bosh;non;;?;;;;;
-é;191110_tweet.txt;abusé;wAllah choqué Hassan se qu’il s’est passé les femmes et leurs vices c’est vraiment trop abusé;non;;N-3;;;;;
-é;225832_tweet.txt;voté;@XXX @XXX @XXX @XXX @XXX @XXX @XXX Elle sert au faite que silhouette ne gagnera pas correctement si il gagne il gagnera juste car un compte a rt en disant voté silhouette;non;;;;;;;
-é;43817_tweet.txt;cerné;@XXX Malade...Vous êtes gentil !! Cette shit de bourge en 1789, passait entre les mains de Ch. H SANSON: 25% de bobos des 84% du 1/3 état…Pour seulement 15% du 1er Ordre la NOBLESSE & le 2è.Ordre: le CLERGÉ….(+1% non cerné = 100%, CONCLUSION  des historiens) Réf. Archives Nles.);non;;PA;;;;;
-é;79405_tweet.txt;choqué;@XXX Jsuis choqué carrément ils arrivent à canaliser giannis et il perdent pas leurs couilles surtout butler;non;;AUX;;;;;
-é;51092_tweet.txt;marié;@XXX @XXX @XXX @XXX @XXX @XXX @XXX @XXX @XXX @XXX @XXX T'inquiète papi l'invention quand on à rien à dire c'est humain... monable mais humain mdr ???????? marié avec enfant... putain tu te sent con là hahahahahaha;non;;PA;;;;;
-é;128389_tweet.txt;enculé;Carlos Sainz enculé j’ai eu chaud jusqu’à la parabolique;non;;EXP;;;;;
-é;239654_tweet.txt;activé;Try hard activé pour la découverte de Fall Guys ! url_path;non;;PA;;;;;
-é;15606_tweet.txt;surcoté;Sans faire le haineux ou quoi que soit jsuis le seul a trouver le son de kaaris avc bosh surcoté ou c comment?;non;;PA;;;;;
-é;217152_tweet.txt;disqualifié;Djoko disqualifié le con;non;;PA;;;;;
-é;263894_tweet.txt;disqualifié;Djoko disqualifié. On aura donc un nouveau vainqueur de Grand Chelem. 2020 c'est une année de ouf url_path;non;;PA;;;;;
-é;263824_tweet.txt;blessé;Giannis blessé putain c est trop wesh @XXX j espère les Bucks ils vont s en sortir ??;non;;PA;;;;;
-é;155015_tweet.txt;serré;@XXX Et tu jure wallah sur ça ? T’as serré mec t’as besoin qu’on te remette les idées en place toi c’est de là top merde ta wejdene;non;;?;;;;;
-é;149718_tweet.txt;déchaîné;Béziers et Dominici sont passés pour des cons : Lafond se fâche  url_path via @XXX L'alcool fait déchaîné Jean Batiste Lafond,l'été est Chaud,et JB Péte les plombs hic hic;non;;;;;;;
-é;107205_tweet.txt;exprimé;Si tu me vois bizarre et Mal exprimé, c'est qu'je me sens désœuvré, l'impuissance me pousse à mettre des œillères. Réaction d'lâche, j'suis désolé j'ai de la haine si toi tu compte sur ton père où ton grand frère moi j'ai conté depuis l'enfance sur  Allah;non;;PA;;;;;
-é;197986_tweet.txt;associé;@XXX associé contre bts mais ptdrr dedans il y’a plein de multi donc logik qu’ils fassent un choix et ils ont fait ça pour que astro gagne paske ils ont pas bcp de popularité wsh;non;;PA;W;;;;
-é;94703_tweet.txt;blessé;@XXX MDRRRR hassan t’as fait tt l’monde sauf moi aussi j’etais trop blessé;non;;?;;;;;
-é;138442_tweet.txt;empêché;"@XXX @XXX @XXX @XXX @XXX Euh je ne disais pas autre chose... Le notamment signifiait que il n'y avait pas eu du tout interaction de astro vers eux dans l'affaire astro (ce qui les avaient évidemment pas empêché eux de ""chier"" sur astro)";non;;N-3;;;;;
-é;194896_tweet.txt;comparé;Non mais c’est abusé de comparé Giannis à K.J. McDaniels. ?? url_path;non;;;;;;;
-é;201240_tweet.txt;envoyé;@XXX Un tas de giga comptes (Elon Musk, Jeff Bezos, Apple, etc) ont tous d'un coup envoyé le même tweet en mode gros scam qui demandait d'envoyer de la thune et en échange les envoyés recevraient genre le double;non;;N-3;;;;;
-é;101766_tweet.txt;disqualifié;Djoko disqualifié j'suis mort;non;;PA;;;;;
-é;239315_tweet.txt;tabassé;@XXX @XXX Jsuis mort ta pensé que représenter un imam qui tabassé Michael Jackson psk il danse derrière lui c'était honorifique;non;;;;;;;
-é;20676_tweet.txt;fessé;@XXX Merde !! Dommage   Les Lakers vont fessé Houston   Ils joue small ball... AD va prendre son pied dans la raquette;non;;;;;;;
-é;39327_tweet.txt;jugé;@XXX @XXX On peut pas jugé au total de pts une équipe ayant joué 20 matchs avec une autre qui a joué 21 et l'autre 22 c pas logique y'a pas d'équité d'accord pour les critiques sur la gestion de cette crise srtt coté communication Mais dire que c'est honteux a mon sens c'est abusé;non;;;;;;;
-é;202532_tweet.txt;enlevé;"@XXX @XXX @XXX ""La PLS de Raptor a infligé"" ?? Le mec de 20 piges sous prod, qui a provoqué en combat MMA un gars de 60balai #Soral et c'est débiné?  Celui qui après ça à enlevé le ""dissident"" de son pseudo ""Le raptor dissident""?  Stratosphérique ??????";non;;AUX;;;;;
-é;188938_tweet.txt;compliqué;@XXX Dey geuneu compliqué surtt gni sans Giannis ils sont meilleurs;non;;PA;;;;;
-é;110044_tweet.txt;impliqué;@XXX Mdrrr j’suis plus aussi impliqué qu’avant sur Michael Jackson ??;non;;N-3;;;;;
-é;31289_tweet.txt;Oublié;Oublié pas vos masque ????#rentreescolaire2020;non;;;;;;;
-é;227716_tweet.txt;pranké;Azyyyy Leris il veut juste nous pranké il a fait exprès dans la journée de dire « mon fils » quand il parler de la coupe de landorly comme sa on se pose des questions et le soir même ils nous sort sont histoire de 15-19 là sur c’est un prank ??????je refuse que se soit vrai??;non;;;;;;;
-é;72574_tweet.txt;blessé;Oh Danilo blessé c'est bête ça.. ?????;non;;PA;;;;;
-é;68833_tweet.txt;passé;Liverpool : 1ère PL de leur histoire, 30 ans sans titre.   Leeds : 16 ans passé en D2   Bof bof ??????? url_path;non;;PA;;;;;
-é;208033_tweet.txt;pété;@XXX Vichy et le doux autoritarisme... plenel comme d'hab quand son actualité est vide sort un truc complètement pété qui va faire polémique... Même en 72, il y en avait pour le défendre quand il faisait l'apologie de septembre noir. Là, ''soutien total''...;non;;PA;;;;;
-é;133569_tweet.txt;traoré;"@XXX Il a forcé son CO détenu à des fellations quotidiennes mdr si le système a laissé monté en flèche ce comité ""adama traoré"" C est parce qu il savait qu il pourrait le détruire à tout moment bande de pantin...";non;;ETIQ;;;;;
-é;143843_tweet.txt;compliqué;@XXX @XXX Oui du coup on parle de CL tu me dit « R9 aussi à rien fait » on parle du pays « oui mais c compliqué avec la Suède » ptdr on peut rien lui reproché ?;non;;AUX;;;;;
-é;143843_tweet.txt;reproché;@XXX @XXX Oui du coup on parle de CL tu me dit « R9 aussi à rien fait » on parle du pays « oui mais c compliqué avec la Suède » ptdr on peut rien lui reproché ?;non;;;;;;;
-é;40939_tweet.txt;joué;@XXX @XXX Jamais joué à fut perso pas la patience et tout mais j’me souviens trop bonne époque avec suarez toty et tout;non;;PA;;;;;
-é;108850_tweet.txt;tcheké;Au défilé elle va tcheké les autres mdr #LRDS;non;;;;;;;
-é;99533_tweet.txt;pleuré;@XXX @XXX @XXX @XXX Tes sérieux en parlent de la shoah ?, vous pleuré parceque les occidentaux vous en mis a genoux;non;;;;;;;
-é;161970_tweet.txt;enculé;@XXX @XXX Mais rien que tu regarde leur émission d enculé après les matchs c un truc de dingue On eet nul brest merite mieux  On gagne que grâce à Thauvin... L'autre coach en bois brouard pas étonnant qu'il trouve pas de club vu son incompétence;non;;EXP;;;;;
-é;159640_tweet.txt;eclaté;@XXX @XXX @XXX Après ya aussi les dessins faut avouer que dns one piece c eclaté;non;;PA;;;;;
-é;166910_tweet.txt;pitié;@XXX @XXX #UltimatePlay pitié monsieur;non;;ETIQ;;;;;
-é;73079_tweet.txt;rajouté;J'ai créé cette image de toutes pièces ! (Nan j'ai juste piqué l'image et rajouté un texte dégueu mdrrr);non;;PA;;;;;
-é;45231_tweet.txt;télé;J’ai juré ils abusent des droits télé en France. Pour regarder ton sport préféré tu dois payer Canal, Bein, RMC Sports et maintenant Telefoot.. url_path;non;;ETIQ;;;;;
ex;58020_tweet.txt;comme même;Avec Hassan ta comme même des fils de putes qui vont niez ces preuves alors que sa pute d'ex la ruiner sa vie sans preuve ??? Bande de clown;;;;;;;;
ex;113112_tweet.txt;comme même;@XXX n'importe quoi si c était un 2pac Michael jordan ou jackson saurais était + 500000 euros ces sa ?  tout sa ces à cause des gens qui prennent des yeezy degueu est achete comme même juste parce que des stars ont mis cette paires alors que la paires est degeu;;;;;;;;
ex;215351_tweet.txt;croive;Y’a des gens ils croivent vraiment que les Lakers vont sweeper The Beard! ( Absolument que oui ils vont le faire);;;;;;;;
ex;44537_tweet.txt;malgré qu;Faut des Joy Cons pour jouer ce sera plus plaisant que une Manette Pro car secouait une Manette Pro , c'est pas ouf car sur Wii malgré que les manettes Wii été pas ouf dans certains domaines bah sur Super Mario Galaxy c'était bien exploité donc voilà quoi;;;;;;;;
ex;25884_tweet.txt;comme meme;@XXX @XXX @XXX Mdrr jla respecte tqt passs elle fait de grande chose comme meme mine de rien;;;;;;;;
ex;215874_tweet.txt;malgré qu;@XXX @XXX @XXX Tu répondras sûrement pas vu que tu suces à mort Booba mais Kaaris un échec ? Il a pondu 2 bons albums, dont un classique, il revient cette année avec un gros projet malgré que 99% du rap fr suce Booba, sans planète rap,... Où est l'échec ? Le meilleur en Trap, OÙ EST L'ECHEC ?;;;;;;;;
ex;214218_tweet.txt;malgré qu;Bon ça me soule la y’a même pas Ariana pour les award malgré que j’aime bien lady gaga #VMAs url_path;;;;;;;;
ex;79107_tweet.txt; iel ;Votre pote champipousse juste je cale une info pour prévenir au cas où que sa pierre est fausse et iel me bloque ???? Euh ???;;;;;;;;
ex;180652_tweet.txt; iel ;Maon copaine est Cancer wsh sur chaque liste c'est toujours le pire signe astro. Wsh iel est beaucoup trop doux pour vous t façons. Donc les cancer sont :;;;;;;;;
ex;127922_tweet.txt; iel ;#MonPireDate j'en ai jamais eu puis-ce que j'ai rencontré toutes mes ex sur Internet, allez hop dater vos crush en ARAM et puis c'est tout vous serez déçu que si iel fait 0/20 avec Yasuo;;;;;;;;
ex;242410_tweet.txt;comme même;"J’étais comme ça quand je ai vu le flirt benji/marine mais surtout le plan a Marine""je tomberait jamais dans le piège il a comme même embrassé ma sœur et la pris pour une conne..""????miskine j’ai honte pour marine mais la pire c’est Océane comment elle va regarder ça #LMVSLRDM5?? url_path";;;;;;;;
ex;98925_tweet.txt;malgré qu;mouais kaaris bosh ça l'a hypé de fou en mode sale même le mot sale est propre pour ce qu'on a fait. bah il mérite pas cette hype malgré qu'il est pas mauvais.;;;;;;;;
ex;41573_tweet.txt;malgré qu;@XXX @XXX QUEL NIVEAU JAHAHA LE type fais sa en ligue 1 contre des mecs qui ne savent même pas presser à chaque fois tu la attendu il a déçu demande au italiens contre la suéde a l aller il avais fais dla merde Wlh veratti vous le surcote les parisien malgré qu'il soit fort;;;;;;;;
ex;148823_tweet.txt;malgré qu;Malgré que, franchement la blonde ! #LRDS;;;;;;;;
ex;197995_tweet.txt;croive;Communiqué pour mon Fan Club : inscription au KIKADI réalisée... On y croise les doigts les types & on y croive !  #RMCLive;;;;;;;;
ex;120077_tweet.txt;malgré qu;@XXX Suarez le fait tout le temps même cette saison malgré qu’il est nul à chier;;;;;;;;
ex;4687_tweet.txt;croive;@XXX @XXX C'est quoi ces tacles à 2 balles ? Ils se croivent à Roubaix Trois Ponts ou quoi ?!?! ??;;;;;;;;
ex;74755_tweet.txt;voyent;@XXX @XXX Tkt pas pour eux ils parleront des rumeurs qui envoyent Neymar au barça, Mbappé au réal ou encore du futur club de Laurent blanc;;;;;;;;
ex;66051_tweet.txt;croive;Okkk donc hassan a montré toute les preuves possible pour prouver sa version (video, vocaux, police) et y en a qui croivent encore la vieille meuf qui a sortir 0 preuve allah yehdikom inshallah;;;;;;;;
ex;178504_tweet.txt;malgré qu;Malgré que Les Lakers ait perdu LeBron il a fait du sexe à Westbrook du début à la fin mgl url_path;;;;;;;;
ex;45703_tweet.txt;croive;#GGRMC il a dit qui croivent ?!! Putain il est temps qu'il parte en vacances @XXX  ????;;;;;;;;
ex;254840_tweet.txt; iel ;@XXX Mais En plus iel à juste à supprimer après avoir vu que ct faux mais nn ça a rajouté dautre truc mm ,y a juste eu intention de nuire avec ce thread ??;;;;;;;;
ex;246820_tweet.txt;comme meme;L’histoire de Hassan c’est chaud comme meme. Comment tu veux faire confiance à une personne après sa;;;;;;;;
ex;210903_tweet.txt;comme même;@XXX @XXX @XXX @XXX là t'abuses un peu comme même faut être objectif un peu pour moi mané et même pas dans le top 5 voir 10 premier;;;;;;;;
ex;151079_tweet.txt;malgré qu;Brook Lopez se prend pour Kobe aussi normal que la série Bucks - Heat est degueulasse    4-0 pour le heat normal et mérité malgré que j’aime pas cette team;;;;;;;;
ex;32408_tweet.txt; iel ;PTDDDDDR nan mais je rêve iel a vraiment tenter de nous dire que bp fait pas mieux que la vidéo de lady gaga???????;;;;;;;;
ex;164180_tweet.txt;voyent;dites vous les profs a tootatis il voyent son gros tchou sur les réseaux tout le week-end et le lundi il doivent ce concentrer en cours;;;;;;;;
ex;8908_tweet.txt;malgré qu;@XXX @XXX Le rêve , Kevin tchao cuisance bonjour?? malgré que Kevin j’aime bien et il a l’expérience.. mais à choisir entre un morgan ou un Kevin je préfère voir partir le petit Kevin ??????;;;;;;;;
ex;6710_tweet.txt;comme meme;#AfterWeCollidedMovie en sois la relation hessa est hyper toxique mais en meme temps y s’aime de fouu mais c’est comme meme toxique, ils savent communiquer, y se mentent et tout mais leur amour est indescriptible??;;;;;;;;
ex;206790_tweet.txt;voyent;@XXX Bah déjà les warriors envoyent tt les picks de leur daronne et surment dray jsp si t'as la moitié de la valeur de Giannis;;;;;;;;
ex;129674_tweet.txt; iel ;RT @XXX: iel me rend heureux purée @XXX #LGBTQIAtogether url_path;;;;;;;;
ex;57208_tweet.txt;comme même;Bol bol est sous estimé comme même #NBAextra;;;;;;;;
ex;191813_tweet.txt; iel ;Heureusement  vous  ne  suivez  pas  cette  personne,  mais  comme  iel  est  active  sur  le  astro  twitter  je  me  permet  de  raconter  notre  histoire  sans  pour  autant  læ  citer  ( même  si  je  suis  bloquée  et  que  je  l'ai  bloqué.e );;;;;;;;
ex;194284_tweet.txt; iel ;Iel tient toujours sa theorie sur Dofflamingo et Sabo et c'est très drôle, hate de voir quand iel saura le gros choc que ça va lui faire ??;;;;;;;;
ex;229060_tweet.txt;malgré qu;@XXX Caleta car monstrueux défensivement et offensivement. Thauvin le seul capable à pouvoir apporter offensivement pour l’équipe. Amavi qui malgré qu’il était cramé a fait du bon boulot.;;;;;;;;
ex;79028_tweet.txt;malgré qu;@XXX @XXX Bravo oui malgré que le niveau féminin est très faible mais bravo.  Non et normal vue la préparation tronquée par le covid.  Oui.  Mauvais. Bon point hamouma thauvin et cavaminga;;;;;;;;
ex;171065_tweet.txt;comme même;Khawi à mis 19 pts à la mi-temps comme même #NBAextra;;;;;;;;
ex;3588_tweet.txt;malgré qu;@XXX @XXX @XXX Pour Israel l échec c est de ne pas avoir récupéré les 2 soldats kidnappé par le Hezbollah malgré que les 2 autres objectifs ont été atteint..bien évidemment Nasrallah a récupéré cette commission a des fins propagandiste pour en faire une victoire ...ridicule ????;;;;;;;;
ex;90220_tweet.txt;malgré qu;Ca y'est j'ai officiellement fini l'histoire principale de the witcher 3 j'ai eu une très bonne fin  Vraiment un bon jeu au niveau du scénario malgré quelques bugs au niveau du gameplay  je referai sans doute une partie dans un plus grosse diff dans quelques mois;;;;;;;;
ex;6626_tweet.txt;malgré qu;#HONOCUP ???  La #Hon?Cup c'est fini et nous sommes très fiers de nos joueurs malgré quelques problèmes pour l'un des deux ??  ?? - @XXX - Top #5 - 139 points ?? - @XXX - Top #39 - 65 points   Encore merci à @XXX et @XXX pour l'organisation au top ! ?? url_path;;;;;;;;
ex;131393_tweet.txt;malgré qu;@XXX Pour rappel, 0 finale Coupe du monde, Euro non plus (ok c'est pas facile avec la Suède) et 0 LDC. Pire, 0 finale de LDC. Malgré qu'il ait toujours joué dans des gros clubs de 2004 à 2018. Désolé, mais ce mec est une arnaque, malgré l'immense talent qu'il a. C'est indiscutabl John;;;;;;;;
ex;54053_tweet.txt;malgré qu;Le quatrième QT du Heat est simplement une honte du basket. Malgré que je suis pas fan mais bravo aux Bucks ??;;;;;;;;
ex;215663_tweet.txt;malgré qu;RT @XXX: Le quatrième QT du Heat est simplement une honte du basket. Malgré que je suis pas fan mais bravo aux Bucks ??;;;;;;;;
ex;200946_tweet.txt;comme même;Je trouve ça dommage que Selena Gomez ne considère plus Stars Dance comme son premier album solo car c'était comme même un très bon album;;;;;;;;
ex;3217_tweet.txt;malgré qu;@XXX @XXX @XXX @XXX #XiaomiMi10 je le veux bien malgré que mon Xiaomi mi 8 me comble déjà mais une grosse upgrade serait pas mal !;;;;;;;;
ex;161872_tweet.txt;malgré qu;Malgré qu'il n'a pas win Hamilton reste un grand champion si Mercedes gagne toujours la F1 ne serais plus intéressante donc niveau audience vraiment bas c'est ce genre de course on veut voir chaque weekend c'est pour ça j'adore ce sport;;;;;;;;
ex;11321_tweet.txt;malgré qu;Thauvin est super fort sérieux   J'aime bien ce joueur malgré qu'il sois marseillais;;;;;;;;
ex;6693_tweet.txt;voyent;@XXX Pour ma défense ahah, je vois le départ de Giannis en 10% probable, et uniquement en cas de contre-performances des Bucks qui ne voyent pas de Finales NBA ni cet année ni l’an prochain.. Pour le reste, les destinations probable c’est du flou, mais je vois pas Giannis etre trade;;;;;;;;
ex;82520_tweet.txt;malgré qu;Ansu Fati, malgré que j'étais pas impressionné par lui au début mais il a réussi a me changer d'avis, il aura un trés grand futur ??;;;;;;;;
ex;81715_tweet.txt;malgré qu;RT @XXX: Lady Gaga lorsqu’elle trouvera le pays des merveilles malgré qu’elle ne s’appelle toujours pas Alice url_path;;;;;;;;
ex;256816_tweet.txt;malgré qu;Les Lakers sont de retour dans la série, 1-1. Belle prestation de AD et LeBron.  Malgré quelques runs dans le 3ème QT, les Angelinos s’en sortent.;;;;;;;;
ex;251082_tweet.txt;malgré qu;@XXX Du bon et du moins bon dans ce match - Le retour de Thauvin, DCC taille patron, balerdi plutôt convaincant malgré quelques pertes de balles - La faiblesse globale de l'animation offensive, radonjic catastrophique;;;;;;;;
ex;51037_tweet.txt;malgré qu;Le seul que je compte acheter malgré qu'il est limité ça va me faire plaisir de redécouvrir ces jeux par contre c'est un peu con de pas avoir mis Super Mario Galaxy 2 par la même occasion après peut-être que Nintendo le cache c'est possible et pour Super Mario Galaxy;;;;;;;;
ex;170269_tweet.txt;malgré qu;Malgré que je préfère Benzema à son prime Suarez est meilleur url_path;;;;;;;;
ex;147686_tweet.txt;malgré qu;Thauvin et DCC en mode patron, un bon Kamara qui a déjà énormément progressé dans l’utilisation du ballon et un Balerdi prometteur malgré quelques erreurs. Je vais pas parler de Radonjic, j’aimerai juste qu’il change de club (tout comme Sanson, Amavi Sakai et Strootman);;;;;;;;
ex;100129_tweet.txt;malgré qu;@XXX @XXX @XXX Oui mais ça c’est le facteur Réal Madrid mais quand tu prend individuellement sur les 5-10 dernières années en 9 il est pas top 3 du tout en vrai. Malgré que ce soit un beau joueur, faut pas oublier qu’il te sort dès saison cata que les autres n’ont jamais faites;;;;;;;;
ex;236267_tweet.txt;malgré qu;@XXX @XXX Là-dessus, vous faite comme ces journalistes français qui comparaient Giroud (que j'aime beaucoup pourtant) à Benzemaà un moment donné, malgré que l'un jouait en sélection et que l'autre n'y était plus depuis 2 ans, tout en faisant exprès d'omettre  les passes décisives de Karim.;;;;;;;;
ex;46667_tweet.txt;malgré qu;Lady Gaga lorsqu’elle trouvera le pays des merveilles malgré qu’elle ne s’appelle toujours pas Alice url_path;;;;;;;;
ex;112273_tweet.txt;comme même;@XXX L’irak ???? c’est un pays de cœur comme le Liban ???? un peu moins comme même;;;;;;;;
ex;73235_tweet.txt;malgré qu;@XXX Oui, c'est ce que je dis. Malgré que l'exploit de Lyon soit beaucoup plus impressionnante que la victoire d'étape de Julian Alaphilippe (bien que très belle, ne minimisons pas non plus sa course), ça rapporte plus. Choix logique donc d'un point de vue marketing.;;;;;;;;
ex;249366_tweet.txt;malgré qu;@XXX @XXX La Suède a parié sur son système social fort, équitable, sa population généralement en bonne santé mentale et physique, responsable. Ils ont imposé des règles moins sévères, mais fait appel l'auto  encadrement. Les résultats ne sont pas bons, malgré qu'ils partaient en avance.;;;;;;;;
;;;;;;;;;;;
